machine,working_set_bytes,footprint_bytes,node_spacing_bytes,traversal_order,N_per_batch,unit,n_samples,median,mean,sd,q1,q3,iqr,p5,p95,min,max,n_outliers,outlier_fraction,num_nodes,warmup_steps,warmup_laps,seed,migrated_excluded,logical_cpu,source_raw_file
artemisia,4096,4096,64,randomized,1000,TSC_ticks_per_access,1000000,5.092,5.687778133999996,1.4378103134356686,5.084,5.1,0.016000000000000014,5.076,9.704,5.064,56.312,198849,0.198849,64,10000,156.250,20260904,0,4131,capacity_ws4096_sp64_rand_artemisia_20260910-152220.csv.gz
artemisia,5760,5760,64,randomized,1000,TSC_ticks_per_access,1000000,5.494,6.878229137999998,19.43250017349005,5.09,9.63,4.540000000000001,5.078,10.124,5.064,4034.342,1503,0.001503,90,10000,111.111,20260904,0,4131,capacity_ws5760_sp64_rand_artemisia_20260910-152220.csv.gz
artemisia,8192,8192,64,randomized,1000,TSC_ticks_per_access,1000000,5.448,6.751787372000003,17.41092562750323,5.088,9.598,4.510000000000001,5.078,10.118,5.064,4029.348,1783,0.001783,128,10000,78.125,20260904,0,4131,capacity_ws8192_sp64_rand_artemisia_20260910-152220.csv.gz
artemisia,11584,11584,64,randomized,1000,TSC_ticks_per_access,1000000,6.446,8.986048109999999,11.20098965460725,5.272,10.152,4.879999999999999,5.082,17.722,5.064,6018.45,83221,0.083221,181,10000,55.249,20260904,0,4131,capacity_ws11584_sp64_rand_artemisia_20260910-152220.csv.gz
artemisia,16384,16384,64,randomized,1000,TSC_ticks_per_access,1000000,5.092,5.725748187999999,1.4370893362183426,5.084,5.102,0.018000000000000682,5.076,9.69,5.062,73.152,214347,0.214347,256,10000,39.062,20260904,0,4131,capacity_ws16384_sp64_rand_artemisia_20260910-152220.csv.gz
artemisia,23168,23168,64,randomized,1000,TSC_ticks_per_access,1000000,5.092,5.775534568000002,1.5251831971133298,5.084,5.102,0.018000000000000682,5.076,9.816,5.064,57.256,225584,0.225584,362,10000,27.624,20260904,0,4131,capacity_ws23168_sp64_rand_artemisia_20260910-152220.csv.gz
artemisia,32768,32768,64,randomized,1000,TSC_ticks_per_access,1000000,5.09,5.632026375999997,1.395868920543168,5.084,5.1,0.016000000000000014,5.076,9.704,5.064,46.272,183403,0.183403,512,10000,19.531,20260904,0,4131,capacity_ws32768_sp64_rand_artemisia_20260910-152220.csv.gz
artemisia,46336,46336,64,randomized,1000,TSC_ticks_per_access,1000000,5.584,6.013973954,1.241902344401942,5.55,5.692,0.14200000000000035,5.52,9.682,5.47,63.558,148303,0.148303,724,10000,13.812,20260904,0,4131,capacity_ws46336_sp64_rand_artemisia_20260910-152220.csv.gz
artemisia,65536,65536,64,randomized,1000,TSC_ticks_per_access,1000000,16.096,16.696451476,36.13958476523697,16.076,16.116,0.03999999999999915,16.064,16.132,16.034,22066.216,35876,0.035876,1024,10000,9.766,20260904,0,4131,capacity_ws65536_sp64_rand_artemisia_20260910-152220.csv.gz
artemisia,92672,92672,64,randomized,1000,TSC_ticks_per_access,1000000,16.092,16.239337296,0.8758147736199282,16.074,16.11,0.03599999999999781,16.058,16.132,16.04,64.334,32846,0.032846,1448,10000,6.906,20260904,0,4131,capacity_ws92672_sp64_rand_artemisia_20260910-152220.csv.gz
artemisia,131072,131072,64,randomized,1000,TSC_ticks_per_access,1000000,16.102,16.278336249999995,0.9790332720260764,16.082,16.12,0.038000000000000256,16.066,16.14,16.036,112.366,40380,0.04038,2048,10000,4.883,20260904,0,4131,capacity_ws131072_sp64_rand_artemisia_20260910-152220.csv.gz
artemisia,185344,185344,64,randomized,1000,TSC_ticks_per_access,1000000,16.104,16.668658089999994,30.234219544237895,16.084,16.122,0.038000000000000256,16.07,16.14,16.042,4039.828,37128,0.037128,2896,10000,3.453,20260904,0,4131,capacity_ws185344_sp64_rand_artemisia_20260910-152220.csv.gz
artemisia,262144,262144,64,randomized,1000,TSC_ticks_per_access,1000000,16.106,16.675607290000006,30.072441196513964,16.086,16.124,0.038000000000000256,16.072,16.14,16.038,4041.054,34532,0.034532,4096,10000,2.441,20260904,0,4131,capacity_ws262144_sp64_rand_artemisia_20260910-152220.csv.gz
artemisia,370688,370688,64,randomized,1000,TSC_ticks_per_access,1000000,16.186,16.382022109999998,1.012709515306196,16.164,16.21,0.045999999999999375,16.138,16.268,16.084,68.474,46991,0.046991,5792,10000,1.727,20260904,0,4131,capacity_ws370688_sp64_rand_artemisia_20260910-152220.csv.gz
artemisia,524288,524288,64,randomized,1000,TSC_ticks_per_access,1000000,17.968,18.621421220000006,32.176040173288804,17.892,18.044,0.15200000000000102,17.782,18.172,17.636,4060.812,31671,0.031671,8192,10000,1.221,20260904,0,4131,capacity_ws524288_sp64_rand_artemisia_20260910-152220.csv.gz
artemisia,741440,741440,64,randomized,1000,TSC_ticks_per_access,1000000,19.524,20.217795706,34.16756704185958,19.458,19.61,0.15200000000000102,19.368,19.722,19.138,4052.298,34530,0.03453,11585,11585,1.000,20260904,0,4131,capacity_ws741440_sp64_rand_artemisia_20260910-152220.csv.gz
artemisia,1048576,1048576,64,randomized,1000,TSC_ticks_per_access,1000000,20.698,20.873407935999996,1.0062758610735567,20.632,20.772,0.13999999999999702,20.54,20.942,20.388,76.212,43327,0.043327,16384,16384,1.000,20260904,0,4131,capacity_ws1048576_sp64_rand_artemisia_20260910-152220.csv.gz
artemisia,1482880,1482880,64,randomized,1000,TSC_ticks_per_access,1000000,23.08,24.293387742000007,35.93329296094762,22.856,23.396,0.5399999999999991,22.578,28.192,21.8,8498.202,128472,0.128472,23170,23170,1.000,20260904,0,4131,capacity_ws1482880_sp64_rand_artemisia_20260910-152220.csv.gz
artemisia,2097152,2097152,64,randomized,1000,TSC_ticks_per_access,1000000,16.65,17.106726015999996,1.293610773929161,16.5,17.34,0.8399999999999999,16.352,18.828,16.076,95.056,57051,0.057051,32768,32768,1.000,20260904,0,4131,capacity_ws2097152_sp64_rand_artemisia_20260910-152220.csv.gz
artemisia,2965760,2965760,64,randomized,1000,TSC_ticks_per_access,1000000,55.666,58.24555103399999,57.0535643335916,54.996,58.24,3.2439999999999998,54.262,61.83,52.226,4086.986,25872,0.025872,46340,46340,1.000,20260904,0,4131,capacity_ws2965760_sp64_rand_artemisia_20260910-152220.csv.gz
artemisia,4194304,4194304,64,randomized,1000,TSC_ticks_per_access,1000000,62.256,64.43465767600001,59.31593779884496,62.124,62.404,0.28000000000000114,61.942,66.666,61.156,4094.344,75607,0.075607,65536,65536,1.000,20260904,0,4131,capacity_ws4194304_sp64_rand_artemisia_20260910-152220.csv.gz
artemisia,5931584,5931584,64,randomized,1000,TSC_ticks_per_access,1000000,63.97,64.329833134,1.537253173239547,63.828,64.138,0.3100000000000023,63.618,68.892,63.038,143.072,69960,0.06996,92681,92681,1.000,20260904,0,4131,capacity_ws5931584_sp64_rand_artemisia_20260910-152220.csv.gz
artemisia,8388608,8388608,64,randomized,1000,TSC_ticks_per_access,1000000,62.314,62.68130529799999,1.6080987563277147,62.184,62.456,0.27200000000000557,62.006,67.196,61.53,129.8,63285,0.063285,131072,131072,1.000,20260904,0,4131,capacity_ws8388608_sp64_rand_artemisia_20260910-152220.csv.gz
artemisia,11863232,11863232,64,randomized,1000,TSC_ticks_per_access,1000000,62.938,63.309272837999984,1.5864501571318046,62.804,63.09,0.28600000000000136,62.62,67.752,62.05,151.214,68491,0.068491,185363,185363,1.000,20260904,0,4131,capacity_ws11863232_sp64_rand_artemisia_20260910-152220.csv.gz
artemisia,16777216,16777216,64,randomized,1000,TSC_ticks_per_access,1000000,62.266,64.38811155800002,59.178072255185974,62.128,62.412,0.2839999999999989,61.932,63.446,61.184,4098.378,62620,0.06262,262144,262144,1.000,20260904,0,4131,capacity_ws16777216_sp64_rand_artemisia_20260910-152220.csv.gz
artemisia,23726528,23726528,64,randomized,1000,TSC_ticks_per_access,1000000,62.402,62.801126792000034,1.8947233454740418,62.27,62.546,0.27599999999999625,62.08,67.618,61.55,143.276,67873,0.067873,370727,370727,1.000,20260904,0,4131,capacity_ws23726528_sp64_rand_artemisia_20260910-152220.csv.gz
artemisia,33554432,33554432,64,randomized,1000,TSC_ticks_per_access,1000000,62.314,62.68752476399999,1.6209456392512085,62.178,62.464,0.28600000000000136,61.99,67.352,61.502,152.428,65121,0.065121,524288,524288,1.000,20260904,0,4131,capacity_ws33554432_sp64_rand_artemisia_20260910-152220.csv.gz
artemisia,47453120,47453120,64,randomized,1000,TSC_ticks_per_access,1000000,111.03,112.86414011999997,79.37971189354411,107.626,114.554,6.927999999999997,84.584,121.16,66.74,4594.376,91222,0.091222,741455,741455,1.000,20260904,0,4131,capacity_ws47453120_sp64_rand_artemisia_20260910-152220.csv.gz
artemisia,67108864,67108864,64,randomized,1000,TSC_ticks_per_access,1000000,104.458,105.276658492,5.85114539663498,101.806,107.518,5.712000000000003,98.32,114.664,87.258,277.262,41536,0.041536,1048576,1048576,1.000,20260904,0,4131,capacity_ws67108864_sp64_rand_artemisia_20260910-152220.csv.gz
artemisia,94906240,94906240,64,randomized,1000,TSC_ticks_per_access,1000000,151.316,151.46743113800002,5.443925990201026,148.0,154.8,6.800000000000011,143.07,160.33,116.158,341.758,18993,0.018993,1482910,1482910,1.000,20260904,0,4131,capacity_ws94906240_sp64_rand_artemisia_20260910-152220.csv.gz
artemisia,134217728,134217728,64,randomized,1000,TSC_ticks_per_access,1000000,245.644,244.02966146600005,104.78498050139659,236.374,248.45,12.075999999999993,198.3599,255.194,150.52,21684.92,120392,0.120392,2097152,2097152,1.000,20260904,0,4131,capacity_ws134217728_sp64_rand_artemisia_20260910-152220.csv.gz
artemisia,189812480,189812480,64,randomized,1000,TSC_ticks_per_access,1000000,210.328,208.75390006200004,12.466265155604194,203.028,216.216,13.188000000000017,193.26,223.012,77.088,520.2,20471,0.020471,2965820,2965820,1.000,20260904,0,4131,capacity_ws189812480_sp64_rand_artemisia_20260910-152220.csv.gz
artemisia,268435456,268435456,64,randomized,1000,TSC_ticks_per_access,1000000,255.974,262.843363988,296.4133299802739,252.848,258.51,5.661999999999978,233.402,328.96,144.406,280289.03,216843,0.216843,4194304,4194304,1.000,20260904,0,4131,capacity_ws268435456_sp64_rand_artemisia_20260910-152220.csv.gz
artemisia,379625024,379625024,64,randomized,1000,TSC_ticks_per_access,1000000,241.124,240.2163591539999,7.306506114345214,236.996,244.75,7.753999999999991,225.822,250.15,196.602,594.128,51613,0.051613,5931641,5931641,1.000,20260904,0,4131,capacity_ws379625024_sp64_rand_artemisia_20260910-152220.csv.gz
artemisia,536870912,536870912,64,randomized,1000,TSC_ticks_per_access,1000000,253.768,258.2992191039999,282.3742316749677,246.914,257.6,10.686000000000035,238.95,312.4261999999997,210.354,272288.552,77338,0.077338,8388608,8388608,1.000,20260904,0,4131,capacity_ws536870912_sp64_rand_artemisia_20260910-152220.csv.gz
artemisia,4096,4096,64,sequential,1000,TSC_ticks_per_access,1000000,5.09,5.666029228000001,1.4641664159162433,5.084,5.1,0.016000000000000014,5.076,10.04,5.064,61.966,179768,0.179768,64,10000,156.250,20260904,0,4131,capacity_ws4096_sp64_seq_artemisia_20260910-152220.csv.gz
artemisia,5760,5760,64,sequential,1000,TSC_ticks_per_access,1000000,5.09,5.6498275620000005,1.4190612610130682,5.082,5.098,0.016000000000000014,5.076,9.71,5.064,61.734,181431,0.181431,90,10000,111.111,20260904,0,4131,capacity_ws5760_sp64_seq_artemisia_20260910-152220.csv.gz
artemisia,8192,8192,64,sequential,1000,TSC_ticks_per_access,1000000,5.092,5.6493183559999975,1.423294905650212,5.084,5.1,0.016000000000000014,5.076,9.732,5.062,59.522,180477,0.180477,128,10000,78.125,20260904,0,4131,capacity_ws8192_sp64_seq_artemisia_20260910-152220.csv.gz
artemisia,11584,11584,64,sequential,1000,TSC_ticks_per_access,1000000,5.09,5.574936407999998,1.380168363592199,5.084,5.098,0.014000000000000234,5.076,9.702,5.062,65.018,156391,0.156391,181,10000,55.249,20260904,0,4131,capacity_ws11584_sp64_seq_artemisia_20260910-152220.csv.gz
artemisia,16384,16384,64,sequential,1000,TSC_ticks_per_access,1000000,5.09,5.444962902,1.1981896731495525,5.082,5.096,0.014000000000000234,5.076,9.62,5.062,87.126,118329,0.118329,256,10000,39.062,20260904,0,4131,capacity_ws16384_sp64_seq_artemisia_20260910-152220.csv.gz
artemisia,23168,23168,64,sequential,1000,TSC_ticks_per_access,1000000,5.09,5.552993757999999,1.3389782226189186,5.082,5.098,0.016000000000000014,5.076,9.694,5.062,37.468,146818,0.146818,362,10000,27.624,20260904,0,4131,capacity_ws23168_sp64_seq_artemisia_20260910-152220.csv.gz
artemisia,32768,32768,64,sequential,1000,TSC_ticks_per_access,1000000,5.09,5.524985324,1.3192499901554486,5.084,5.098,0.014000000000000234,5.076,9.692,5.064,74.394,142725,0.142725,512,10000,19.531,20260904,0,4131,capacity_ws32768_sp64_seq_artemisia_20260910-152220.csv.gz
artemisia,46336,46336,64,sequential,1000,TSC_ticks_per_access,1000000,5.422,5.878815046000003,1.3239593429302727,5.392,5.53,0.1379999999999999,5.374,9.992,5.34,40.478,140974,0.140974,724,10000,13.812,20260904,0,4131,capacity_ws46336_sp64_seq_artemisia_20260910-152220.csv.gz
artemisia,65536,65536,64,sequential,1000,TSC_ticks_per_access,1000000,15.932,16.101449677999994,0.9415329146290774,15.912,15.952,0.03999999999999915,15.89,15.98,15.844,65.24,38630,0.03863,1024,10000,9.766,20260904,0,4131,capacity_ws65536_sp64_seq_artemisia_20260910-152220.csv.gz
artemisia,92672,92672,64,sequential,1000,TSC_ticks_per_access,1000000,15.934,16.52268509,30.429549771718726,15.916,15.954,0.038000000000000256,15.9,15.974,15.868,6052.12,36363,0.036363,1448,10000,6.906,20260904,0,4131,capacity_ws92672_sp64_seq_artemisia_20260910-152220.csv.gz
artemisia,131072,131072,64,sequential,1000,TSC_ticks_per_access,1000000,15.936,16.10301142000001,0.9509645133458394,15.918,15.956,0.038000000000000256,15.9,15.978,15.874,99.828,36823,0.036823,2048,10000,4.883,20260904,0,4131,capacity_ws131072_sp64_seq_artemisia_20260910-152220.csv.gz
artemisia,185344,185344,64,sequential,1000,TSC_ticks_per_access,1000000,15.938,16.128404748000005,1.0008202603765821,15.92,15.956,0.03599999999999959,15.904,15.98,15.88,87.31,42199,0.042199,2896,10000,3.453,20260904,0,4131,capacity_ws185344_sp64_seq_artemisia_20260910-152220.csv.gz
artemisia,262144,262144,64,sequential,1000,TSC_ticks_per_access,1000000,15.94,16.48503765199999,28.372457179468906,15.92,15.958,0.038000000000000256,15.904,15.982,15.868,4044.004,43144,0.043144,4096,10000,2.441,20260904,0,4131,capacity_ws262144_sp64_seq_artemisia_20260910-152220.csv.gz
artemisia,370688,370688,64,sequential,1000,TSC_ticks_per_access,1000000,15.942,16.121268646,0.9955021339232906,15.922,15.962,0.03999999999999915,15.904,16.016,15.874,151.006,46696,0.046696,5792,10000,1.727,20260904,0,4131,capacity_ws370688_sp64_seq_artemisia_20260910-152220.csv.gz
artemisia,524288,524288,64,sequential,1000,TSC_ticks_per_access,1000000,16.098,16.284584774000002,21.838527834469552,16.08,16.118,0.038000000000000256,16.06,16.144,15.984,21833.846,37292,0.037292,8192,10000,1.221,20260904,0,4131,capacity_ws524288_sp64_seq_artemisia_20260910-152220.csv.gz
artemisia,741440,741440,64,sequential,1000,TSC_ticks_per_access,1000000,16.104,16.278203796,0.9914721137481085,16.084,16.122,0.038000000000000256,16.068,16.144,16.024,74.304,39569,0.039569,11585,11585,1.000,20260904,0,4131,capacity_ws741440_sp64_seq_artemisia_20260910-152220.csv.gz
artemisia,1048576,1048576,64,sequential,1000,TSC_ticks_per_access,1000000,16.106,16.740104893999995,30.709864003872703,16.086,16.126,0.0400000000000027,16.072,16.244,16.032,4105.24,53800,0.0538,16384,16384,1.000,20260904,0,4131,capacity_ws1048576_sp64_seq_artemisia_20260910-152220.csv.gz
artemisia,1482880,1482880,64,sequential,1000,TSC_ticks_per_access,1000000,19.204,19.287411124000005,1.664028082289032,18.208,20.084,1.8760000000000012,17.068,21.73,16.04,78.24,26292,0.026292,23170,23170,1.000,20260904,0,4131,capacity_ws1482880_sp64_seq_artemisia_20260910-152220.csv.gz
artemisia,2097152,2097152,64,sequential,1000,TSC_ticks_per_access,1000000,16.77,18.731129016000004,29.84640542262722,16.104,17.532,1.4280000000000008,15.926,28.78209999999986,15.882,4074.134,111912,0.111912,32768,32768,1.000,20260904,0,4131,capacity_ws2097152_sp64_seq_artemisia_20260910-152220.csv.gz
artemisia,2965760,2965760,64,sequential,1000,TSC_ticks_per_access,1000000,54.258,56.25649964600002,53.69890769421758,52.534,56.826,4.292000000000002,51.098,60.224,47.506,4089.36,17521,0.017521,46340,46340,1.000,20260904,0,4131,capacity_ws2965760_sp64_seq_artemisia_20260910-152220.csv.gz
artemisia,4194304,4194304,64,sequential,1000,TSC_ticks_per_access,1000000,61.17,61.524161830000004,1.5232260577657786,61.096,61.252,0.1560000000000059,60.996,65.558,60.698,156.948,75225,0.075225,65536,65536,1.000,20260904,0,4131,capacity_ws4194304_sp64_seq_artemisia_20260910-152220.csv.gz
artemisia,5931584,5931584,64,sequential,1000,TSC_ticks_per_access,1000000,61.406,67.61755785,299.3374421935049,61.128,67.53,6.402000000000001,60.976,87.076,60.276,296083.046,215445,0.215445,92681,92681,1.000,20260904,0,4131,capacity_ws5931584_sp64_seq_artemisia_20260910-152220.csv.gz
artemisia,8388608,8388608,64,sequential,1000,TSC_ticks_per_access,1000000,61.164,61.54297933199999,1.5765988588391135,61.09,61.248,0.15799999999999415,60.988,66.204,60.648,124.778,78654,0.078654,131072,131072,1.000,20260904,0,4131,capacity_ws8388608_sp64_seq_artemisia_20260910-152220.csv.gz
artemisia,11863232,11863232,64,sequential,1000,TSC_ticks_per_access,1000000,61.184,61.627484316,1.5859348226163874,61.1,61.304,0.20400000000000063,60.992,66.202,60.468,172.238,173535,0.173535,185363,185363,1.000,20260904,0,4131,capacity_ws11863232_sp64_seq_artemisia_20260910-152220.csv.gz
artemisia,16777216,16777216,64,sequential,1000,TSC_ticks_per_access,1000000,61.168,61.562606698,1.6156782516608157,61.092,61.252,0.1600000000000037,60.99,66.54,60.696,122.716,77973,0.077973,262144,262144,1.000,20260904,0,4131,capacity_ws16777216_sp64_seq_artemisia_20260910-152220.csv.gz
artemisia,23726528,23726528,64,sequential,1000,TSC_ticks_per_access,1000000,61.172,61.567477335999996,1.656459310387004,61.094,61.26,0.16599999999999682,60.992,66.228,60.696,163.382,101870,0.10187,370727,370727,1.000,20260904,0,4131,capacity_ws23726528_sp64_seq_artemisia_20260910-152220.csv.gz
artemisia,33554432,33554432,64,sequential,1000,TSC_ticks_per_access,1000000,62.064,64.414454876,53.430886336535266,61.5,63.038,1.5379999999999967,61.102,68.26,60.284,4169.566,84436,0.084436,524288,524288,1.000,20260904,0,4131,capacity_ws33554432_sp64_seq_artemisia_20260910-152220.csv.gz
artemisia,47453120,47453120,64,sequential,1000,TSC_ticks_per_access,1000000,93.9,117.966572482,95.23440341261043,81.022,115.5385,34.51649999999999,65.802,247.71,60.822,8943.794,163025,0.163025,741455,741455,1.000,20260904,0,4131,capacity_ws47453120_sp64_seq_artemisia_20260910-152220.csv.gz
artemisia,67108864,67108864,64,sequential,1000,TSC_ticks_per_access,1000000,93.596,101.76218982599993,28.608101972572673,81.32,114.662,33.34200000000001,68.944,162.092,61.19,301.87,43995,0.043995,1048576,1048576,1.000,20260904,0,4131,capacity_ws67108864_sp64_seq_artemisia_20260910-152220.csv.gz
artemisia,94906240,94906240,64,sequential,1000,TSC_ticks_per_access,1000000,184.461,172.380226662,61.05765503672519,133.826,219.444,85.618,73.02,235.928,63.112,22047.26,2,2e-06,1482910,1482910,1.000,20260904,0,4131,capacity_ws94906240_sp64_seq_artemisia_20260910-152220.csv.gz
artemisia,134217728,134217728,64,sequential,1000,TSC_ticks_per_access,1000000,242.542,224.8021560779999,36.27126882674388,214.11,247.612,33.50199999999998,139.27,251.14609999999985,69.37,359.872,86470,0.08647,2097152,2097152,1.000,20260904,0,4131,capacity_ws134217728_sp64_seq_artemisia_20260910-152220.csv.gz
artemisia,189812480,189812480,64,sequential,1000,TSC_ticks_per_access,1000000,244.904,250.8769108420001,108.47429004106256,242.346,248.006,5.659999999999997,238.8,255.694,102.078,5122.786,71034,0.071034,2965820,2965820,1.000,20260904,0,4131,capacity_ws189812480_sp64_seq_artemisia_20260910-152220.csv.gz
artemisia,268435456,268435456,64,sequential,1000,TSC_ticks_per_access,1000000,240.026,233.9767402340001,35.094839450711014,230.524,244.006,13.482,194.186,248.47,140.148,22261.918,106810,0.10681,4194304,4194304,1.000,20260904,0,4131,capacity_ws268435456_sp64_seq_artemisia_20260910-152220.csv.gz
artemisia,379625024,379625024,64,sequential,1000,TSC_ticks_per_access,1000000,247.886,253.6282140499999,117.84929221807285,245.8,248.46,2.6599999999999966,242.96189999999999,256.06,114.156,4288.728,143120,0.14312,5931641,5931641,1.000,20260904,0,4131,capacity_ws379625024_sp64_seq_artemisia_20260910-152220.csv.gz
artemisia,536870912,536870912,64,sequential,1000,TSC_ticks_per_access,1000000,247.934,254.78514980199992,113.58403531411527,246.418,248.578,2.1599999999999966,243.824,256.278,154.95,21958.254,161465,0.161465,8388608,8388608,1.000,20260904,0,4131,capacity_ws536870912_sp64_seq_artemisia_20260910-152220.csv.gz
