global_execution_index	trial	trial_execution_index	series_index	plot_index	target_bytes	target_line_spacing_bytes	pressure_source	pressure_bytes	pressure_line_spacing_bytes	pressure_order	pressure_passes	helper_cpu	accesses_per_sample	point_seed	output_filename	status	return_code
0	0	0	6	27	65536	64	helper	15728640	64	sequential	1	5	1	15785011210859342678	ookay_inclusionpolicy_trial000_exec0000_series06_plot0027_target0000065536_helper_pressure000015728640_helper005_seed15785011210859342678.tsv.gz	complete	0
1	0	1	6	33	65536	64	helper	125829120	64	sequential	1	5	1	11951315924972400881	ookay_inclusionpolicy_trial000_exec0001_series06_plot0033_target0000065536_helper_pressure000125829120_helper005_seed11951315924972400881.tsv.gz	complete	0
2	0	2	7	38	65536	64	helper	39321600	64	sequential	1	6	1	12211512109102862178	ookay_inclusionpolicy_trial000_exec0002_series07_plot0038_target0000065536_helper_pressure000039321600_helper006_seed12211512109102862178.tsv.gz	complete	0
3	0	3	4	21	65536	64	none	0	64	sequential	0	-1	1	8115149844715529162	ookay_inclusionpolicy_trial000_exec0003_series04_plot0021_target0000065536_none_pressure000000000000_helper999_seed08115149844715529162.tsv.gz	complete	0
4	0	4	7	34	65536	64	helper	3932160	64	sequential	1	6	1	4398009111481780254	ookay_inclusionpolicy_trial000_exec0004_series07_plot0034_target0000065536_helper_pressure000003932160_helper006_seed04398009111481780254.tsv.gz	complete	0
5	0	5	2	5	8192	64	helper	3932160	64	sequential	1	5	1	9659343732093274974	ookay_inclusionpolicy_trial000_exec0005_series02_plot0005_target0000008192_helper_pressure000003932160_helper005_seed09659343732093274974.tsv.gz	complete	0
6	0	6	3	19	8192	64	helper	62914560	64	sequential	1	6	1	16916548400228412381	ookay_inclusionpolicy_trial000_exec0006_series03_plot0019_target0000008192_helper_pressure000062914560_helper006_seed16916548400228412381.tsv.gz	complete	0
7	0	7	7	40	65536	64	helper	62914560	64	sequential	1	6	1	12768900637479444719	ookay_inclusionpolicy_trial000_exec0007_series07_plot0040_target0000065536_helper_pressure000062914560_helper006_seed12768900637479444719.tsv.gz	complete	0
8	0	8	2	10	8192	64	helper	47185920	64	sequential	1	5	1	13070927980617103594	ookay_inclusionpolicy_trial000_exec0008_series02_plot0010_target0000008192_helper_pressure000047185920_helper005_seed13070927980617103594.tsv.gz	complete	0
9	0	9	7	41	65536	64	helper	125829120	64	sequential	1	6	1	11548316102972958183	ookay_inclusionpolicy_trial000_exec0009_series07_plot0041_target0000065536_helper_pressure000125829120_helper006_seed11548316102972958183.tsv.gz	complete	0
10	0	10	5	25	65536	64	self	62914560	64	sequential	1	-1	1	3579555710924495313	ookay_inclusionpolicy_trial000_exec0010_series05_plot0025_target0000065536_self_pressure000062914560_helper999_seed03579555710924495313.tsv.gz	complete	0
11	0	11	7	37	65536	64	helper	31457280	64	sequential	1	6	1	18199474086371370198	ookay_inclusionpolicy_trial000_exec0011_series07_plot0037_target0000065536_helper_pressure000031457280_helper006_seed18199474086371370198.tsv.gz	complete	0
12	0	12	2	12	8192	64	helper	125829120	64	sequential	1	5	1	8008439490583124828	ookay_inclusionpolicy_trial000_exec0012_series02_plot0012_target0000008192_helper_pressure000125829120_helper005_seed08008439490583124828.tsv.gz	complete	0
13	0	13	2	6	8192	64	helper	15728640	64	sequential	1	5	1	4048844278262796615	ookay_inclusionpolicy_trial000_exec0013_series02_plot0006_target0000008192_helper_pressure000015728640_helper005_seed04048844278262796615.tsv.gz	complete	0
14	0	14	2	11	8192	64	helper	62914560	64	sequential	1	5	1	8061349055135680146	ookay_inclusionpolicy_trial000_exec0014_series02_plot0011_target0000008192_helper_pressure000062914560_helper005_seed08061349055135680146.tsv.gz	complete	0
15	0	15	7	39	65536	64	helper	47185920	64	sequential	1	6	1	2386960525790874227	ookay_inclusionpolicy_trial000_exec0015_series07_plot0039_target0000065536_helper_pressure000047185920_helper006_seed02386960525790874227.tsv.gz	complete	0
16	0	16	3	18	8192	64	helper	47185920	64	sequential	1	6	1	17411652116599629896	ookay_inclusionpolicy_trial000_exec0016_series03_plot0018_target0000008192_helper_pressure000047185920_helper006_seed17411652116599629896.tsv.gz	complete	0
17	0	17	6	26	65536	64	helper	3932160	64	sequential	1	5	1	6393766706609474863	ookay_inclusionpolicy_trial000_exec0017_series06_plot0026_target0000065536_helper_pressure000003932160_helper005_seed06393766706609474863.tsv.gz	complete	0
18	0	18	3	15	8192	64	helper	23592960	64	sequential	1	6	1	10496410495304032845	ookay_inclusionpolicy_trial000_exec0018_series03_plot0015_target0000008192_helper_pressure000023592960_helper006_seed10496410495304032845.tsv.gz	complete	0
19	0	19	6	32	65536	64	helper	62914560	64	sequential	1	5	1	9156657464700606523	ookay_inclusionpolicy_trial000_exec0019_series06_plot0032_target0000065536_helper_pressure000062914560_helper005_seed09156657464700606523.tsv.gz	complete	0
20	0	20	5	22	65536	64	self	65536	64	sequential	1	-1	1	10967852233165145922	ookay_inclusionpolicy_trial000_exec0020_series05_plot0022_target0000065536_self_pressure000000065536_helper999_seed10967852233165145922.tsv.gz	complete	0
21	0	21	1	3	8192	64	self	15728640	64	sequential	1	-1	1	2553261902913031682	ookay_inclusionpolicy_trial000_exec0021_series01_plot0003_target0000008192_self_pressure000015728640_helper999_seed02553261902913031682.tsv.gz	complete	0
22	0	22	1	4	8192	64	self	62914560	64	sequential	1	-1	1	15822016635197211724	ookay_inclusionpolicy_trial000_exec0022_series01_plot0004_target0000008192_self_pressure000062914560_helper999_seed15822016635197211724.tsv.gz	complete	0
23	0	23	6	31	65536	64	helper	47185920	64	sequential	1	5	1	20332897215584561	ookay_inclusionpolicy_trial000_exec0023_series06_plot0031_target0000065536_helper_pressure000047185920_helper005_seed00020332897215584561.tsv.gz	complete	0
24	0	24	3	14	8192	64	helper	15728640	64	sequential	1	6	1	14407615525623653843	ookay_inclusionpolicy_trial000_exec0024_series03_plot0014_target0000008192_helper_pressure000015728640_helper006_seed14407615525623653843.tsv.gz	complete	0
25	0	25	5	24	65536	64	self	15728640	64	sequential	1	-1	1	8663107171040240532	ookay_inclusionpolicy_trial000_exec0025_series05_plot0024_target0000065536_self_pressure000015728640_helper999_seed08663107171040240532.tsv.gz	complete	0
26	0	26	3	13	8192	64	helper	3932160	64	sequential	1	6	1	15447344493715368280	ookay_inclusionpolicy_trial000_exec0026_series03_plot0013_target0000008192_helper_pressure000003932160_helper006_seed15447344493715368280.tsv.gz	complete	0
27	0	27	5	23	65536	64	self	524288	64	sequential	1	-1	1	1218944777096668954	ookay_inclusionpolicy_trial000_exec0027_series05_plot0023_target0000065536_self_pressure000000524288_helper999_seed01218944777096668954.tsv.gz	complete	0
28	0	28	6	29	65536	64	helper	31457280	64	sequential	1	5	1	7866650835682345380	ookay_inclusionpolicy_trial000_exec0028_series06_plot0029_target0000065536_helper_pressure000031457280_helper005_seed07866650835682345380.tsv.gz	complete	0
29	0	29	0	0	8192	64	none	0	64	sequential	0	-1	1	13434040110859652870	ookay_inclusionpolicy_trial000_exec0029_series00_plot0000_target0000008192_none_pressure000000000000_helper999_seed13434040110859652870.tsv.gz	complete	0
30	0	30	1	2	8192	64	self	524288	64	sequential	1	-1	1	5454329148859750283	ookay_inclusionpolicy_trial000_exec0030_series01_plot0002_target0000008192_self_pressure000000524288_helper999_seed05454329148859750283.tsv.gz	complete	0
31	0	31	6	28	65536	64	helper	23592960	64	sequential	1	5	1	13199797434642311244	ookay_inclusionpolicy_trial000_exec0031_series06_plot0028_target0000065536_helper_pressure000023592960_helper005_seed13199797434642311244.tsv.gz	complete	0
32	0	32	2	9	8192	64	helper	39321600	64	sequential	1	5	1	3766617846658164448	ookay_inclusionpolicy_trial000_exec0032_series02_plot0009_target0000008192_helper_pressure000039321600_helper005_seed03766617846658164448.tsv.gz	complete	0
33	0	33	7	35	65536	64	helper	15728640	64	sequential	1	6	1	14369905473468274504	ookay_inclusionpolicy_trial000_exec0033_series07_plot0035_target0000065536_helper_pressure000015728640_helper006_seed14369905473468274504.tsv.gz	complete	0
34	0	34	2	8	8192	64	helper	31457280	64	sequential	1	5	1	6408941002793262312	ookay_inclusionpolicy_trial000_exec0034_series02_plot0008_target0000008192_helper_pressure000031457280_helper005_seed06408941002793262312.tsv.gz	complete	0
35	0	35	3	16	8192	64	helper	31457280	64	sequential	1	6	1	5738319116736676372	ookay_inclusionpolicy_trial000_exec0035_series03_plot0016_target0000008192_helper_pressure000031457280_helper006_seed05738319116736676372.tsv.gz	complete	0
36	0	36	3	17	8192	64	helper	39321600	64	sequential	1	6	1	12281029656598767335	ookay_inclusionpolicy_trial000_exec0036_series03_plot0017_target0000008192_helper_pressure000039321600_helper006_seed12281029656598767335.tsv.gz	complete	0
37	0	37	3	20	8192	64	helper	125829120	64	sequential	1	6	1	429222421991553862	ookay_inclusionpolicy_trial000_exec0037_series03_plot0020_target0000008192_helper_pressure000125829120_helper006_seed00429222421991553862.tsv.gz	complete	0
38	0	38	1	1	8192	64	self	65536	64	sequential	1	-1	1	4486159773690201395	ookay_inclusionpolicy_trial000_exec0038_series01_plot0001_target0000008192_self_pressure000000065536_helper999_seed04486159773690201395.tsv.gz	complete	0
39	0	39	7	36	65536	64	helper	23592960	64	sequential	1	6	1	17656345699940906173	ookay_inclusionpolicy_trial000_exec0039_series07_plot0036_target0000065536_helper_pressure000023592960_helper006_seed17656345699940906173.tsv.gz	complete	0
40	0	40	6	30	65536	64	helper	39321600	64	sequential	1	5	1	3805213690214083710	ookay_inclusionpolicy_trial000_exec0040_series06_plot0030_target0000065536_helper_pressure000039321600_helper005_seed03805213690214083710.tsv.gz	complete	0
41	0	41	2	7	8192	64	helper	23592960	64	sequential	1	5	1	4716487249944504408	ookay_inclusionpolicy_trial000_exec0041_series02_plot0007_target0000008192_helper_pressure000023592960_helper005_seed04716487249944504408.tsv.gz	complete	0
42	1	0	2	9	8192	64	helper	39321600	64	sequential	1	5	1	639953515666422412	ookay_inclusionpolicy_trial001_exec0000_series02_plot0009_target0000008192_helper_pressure000039321600_helper005_seed00639953515666422412.tsv.gz	complete	0
43	1	1	3	17	8192	64	helper	39321600	64	sequential	1	6	1	4050615904886632496	ookay_inclusionpolicy_trial001_exec0001_series03_plot0017_target0000008192_helper_pressure000039321600_helper006_seed04050615904886632496.tsv.gz	complete	0
44	1	2	5	23	65536	64	self	524288	64	sequential	1	-1	1	14037654598907242163	ookay_inclusionpolicy_trial001_exec0002_series05_plot0023_target0000065536_self_pressure000000524288_helper999_seed14037654598907242163.tsv.gz	complete	0
45	1	3	3	20	8192	64	helper	125829120	64	sequential	1	6	1	10091955634860121410	ookay_inclusionpolicy_trial001_exec0003_series03_plot0020_target0000008192_helper_pressure000125829120_helper006_seed10091955634860121410.tsv.gz	complete	0
46	1	4	7	38	65536	64	helper	39321600	64	sequential	1	6	1	5214624362588483464	ookay_inclusionpolicy_trial001_exec0004_series07_plot0038_target0000065536_helper_pressure000039321600_helper006_seed05214624362588483464.tsv.gz	complete	0
47	1	5	7	35	65536	64	helper	15728640	64	sequential	1	6	1	12147589238575504403	ookay_inclusionpolicy_trial001_exec0005_series07_plot0035_target0000065536_helper_pressure000015728640_helper006_seed12147589238575504403.tsv.gz	complete	0
48	1	6	2	12	8192	64	helper	125829120	64	sequential	1	5	1	6836760297036020502	ookay_inclusionpolicy_trial001_exec0006_series02_plot0012_target0000008192_helper_pressure000125829120_helper005_seed06836760297036020502.tsv.gz	complete	0
49	1	7	3	18	8192	64	helper	47185920	64	sequential	1	6	1	6896498463747448975	ookay_inclusionpolicy_trial001_exec0007_series03_plot0018_target0000008192_helper_pressure000047185920_helper006_seed06896498463747448975.tsv.gz	complete	0
50	1	8	6	29	65536	64	helper	31457280	64	sequential	1	5	1	16863490120426495938	ookay_inclusionpolicy_trial001_exec0008_series06_plot0029_target0000065536_helper_pressure000031457280_helper005_seed16863490120426495938.tsv.gz	complete	0
51	1	9	2	8	8192	64	helper	31457280	64	sequential	1	5	1	9527981735635132003	ookay_inclusionpolicy_trial001_exec0009_series02_plot0008_target0000008192_helper_pressure000031457280_helper005_seed09527981735635132003.tsv.gz	complete	0
52	1	10	5	22	65536	64	self	65536	64	sequential	1	-1	1	7188848756001432631	ookay_inclusionpolicy_trial001_exec0010_series05_plot0022_target0000065536_self_pressure000000065536_helper999_seed07188848756001432631.tsv.gz	complete	0
53	1	11	7	36	65536	64	helper	23592960	64	sequential	1	6	1	6570735671349920195	ookay_inclusionpolicy_trial001_exec0011_series07_plot0036_target0000065536_helper_pressure000023592960_helper006_seed06570735671349920195.tsv.gz	complete	0
54	1	12	6	31	65536	64	helper	47185920	64	sequential	1	5	1	16420880768837711258	ookay_inclusionpolicy_trial001_exec0012_series06_plot0031_target0000065536_helper_pressure000047185920_helper005_seed16420880768837711258.tsv.gz	complete	0
55	1	13	4	21	65536	64	none	0	64	sequential	0	-1	1	5140703093728720831	ookay_inclusionpolicy_trial001_exec0013_series04_plot0021_target0000065536_none_pressure000000000000_helper999_seed05140703093728720831.tsv.gz	complete	0
56	1	14	7	41	65536	64	helper	125829120	64	sequential	1	6	1	12210121681944802376	ookay_inclusionpolicy_trial001_exec0014_series07_plot0041_target0000065536_helper_pressure000125829120_helper006_seed12210121681944802376.tsv.gz	complete	0
57	1	15	6	26	65536	64	helper	3932160	64	sequential	1	5	1	17547606730028618984	ookay_inclusionpolicy_trial001_exec0015_series06_plot0026_target0000065536_helper_pressure000003932160_helper005_seed17547606730028618984.tsv.gz	complete	0
58	1	16	7	37	65536	64	helper	31457280	64	sequential	1	6	1	9616404239539508765	ookay_inclusionpolicy_trial001_exec0016_series07_plot0037_target0000065536_helper_pressure000031457280_helper006_seed09616404239539508765.tsv.gz	complete	0
59	1	17	6	33	65536	64	helper	125829120	64	sequential	1	5	1	11205549131371568404	ookay_inclusionpolicy_trial001_exec0017_series06_plot0033_target0000065536_helper_pressure000125829120_helper005_seed11205549131371568404.tsv.gz	complete	0
60	1	18	7	39	65536	64	helper	47185920	64	sequential	1	6	1	5198722696155713935	ookay_inclusionpolicy_trial001_exec0018_series07_plot0039_target0000065536_helper_pressure000047185920_helper006_seed05198722696155713935.tsv.gz	complete	0
61	1	19	7	34	65536	64	helper	3932160	64	sequential	1	6	1	15480836475661248505	ookay_inclusionpolicy_trial001_exec0019_series07_plot0034_target0000065536_helper_pressure000003932160_helper006_seed15480836475661248505.tsv.gz	complete	0
62	1	20	6	30	65536	64	helper	39321600	64	sequential	1	5	1	9966753531330095289	ookay_inclusionpolicy_trial001_exec0020_series06_plot0030_target0000065536_helper_pressure000039321600_helper005_seed09966753531330095289.tsv.gz	complete	0
63	1	21	3	15	8192	64	helper	23592960	64	sequential	1	6	1	4605394197962564196	ookay_inclusionpolicy_trial001_exec0021_series03_plot0015_target0000008192_helper_pressure000023592960_helper006_seed04605394197962564196.tsv.gz	complete	0
64	1	22	2	6	8192	64	helper	15728640	64	sequential	1	5	1	16836686900656697550	ookay_inclusionpolicy_trial001_exec0022_series02_plot0006_target0000008192_helper_pressure000015728640_helper005_seed16836686900656697550.tsv.gz	complete	0
65	1	23	0	0	8192	64	none	0	64	sequential	0	-1	1	16981802081104959561	ookay_inclusionpolicy_trial001_exec0023_series00_plot0000_target0000008192_none_pressure000000000000_helper999_seed16981802081104959561.tsv.gz	complete	0
66	1	24	2	10	8192	64	helper	47185920	64	sequential	1	5	1	11415714844060745305	ookay_inclusionpolicy_trial001_exec0024_series02_plot0010_target0000008192_helper_pressure000047185920_helper005_seed11415714844060745305.tsv.gz	complete	0
67	1	25	6	32	65536	64	helper	62914560	64	sequential	1	5	1	1202734201606164313	ookay_inclusionpolicy_trial001_exec0025_series06_plot0032_target0000065536_helper_pressure000062914560_helper005_seed01202734201606164313.tsv.gz	complete	0
68	1	26	6	28	65536	64	helper	23592960	64	sequential	1	5	1	6214932751659975327	ookay_inclusionpolicy_trial001_exec0026_series06_plot0028_target0000065536_helper_pressure000023592960_helper005_seed06214932751659975327.tsv.gz	complete	0
69	1	27	6	27	65536	64	helper	15728640	64	sequential	1	5	1	6626828751311177420	ookay_inclusionpolicy_trial001_exec0027_series06_plot0027_target0000065536_helper_pressure000015728640_helper005_seed06626828751311177420.tsv.gz	complete	0
70	1	28	1	4	8192	64	self	62914560	64	sequential	1	-1	1	16180174333321321234	ookay_inclusionpolicy_trial001_exec0028_series01_plot0004_target0000008192_self_pressure000062914560_helper999_seed16180174333321321234.tsv.gz	complete	0
71	1	29	2	11	8192	64	helper	62914560	64	sequential	1	5	1	15997795921708113169	ookay_inclusionpolicy_trial001_exec0029_series02_plot0011_target0000008192_helper_pressure000062914560_helper005_seed15997795921708113169.tsv.gz	complete	0
72	1	30	2	7	8192	64	helper	23592960	64	sequential	1	5	1	6737355756448699410	ookay_inclusionpolicy_trial001_exec0030_series02_plot0007_target0000008192_helper_pressure000023592960_helper005_seed06737355756448699410.tsv.gz	complete	0
73	1	31	3	19	8192	64	helper	62914560	64	sequential	1	6	1	17021108278388553721	ookay_inclusionpolicy_trial001_exec0031_series03_plot0019_target0000008192_helper_pressure000062914560_helper006_seed17021108278388553721.tsv.gz	complete	0
74	1	32	3	13	8192	64	helper	3932160	64	sequential	1	6	1	3247778717039984114	ookay_inclusionpolicy_trial001_exec0032_series03_plot0013_target0000008192_helper_pressure000003932160_helper006_seed03247778717039984114.tsv.gz	complete	0
75	1	33	3	14	8192	64	helper	15728640	64	sequential	1	6	1	13520178282929172937	ookay_inclusionpolicy_trial001_exec0033_series03_plot0014_target0000008192_helper_pressure000015728640_helper006_seed13520178282929172937.tsv.gz	complete	0
76	1	34	1	1	8192	64	self	65536	64	sequential	1	-1	1	2924300919195460283	ookay_inclusionpolicy_trial001_exec0034_series01_plot0001_target0000008192_self_pressure000000065536_helper999_seed02924300919195460283.tsv.gz	complete	0
77	1	35	2	5	8192	64	helper	3932160	64	sequential	1	5	1	16709330152719439242	ookay_inclusionpolicy_trial001_exec0035_series02_plot0005_target0000008192_helper_pressure000003932160_helper005_seed16709330152719439242.tsv.gz	complete	0
78	1	36	7	40	65536	64	helper	62914560	64	sequential	1	6	1	13445627580786951605	ookay_inclusionpolicy_trial001_exec0036_series07_plot0040_target0000065536_helper_pressure000062914560_helper006_seed13445627580786951605.tsv.gz	complete	0
79	1	37	5	25	65536	64	self	62914560	64	sequential	1	-1	1	5420380931505438087	ookay_inclusionpolicy_trial001_exec0037_series05_plot0025_target0000065536_self_pressure000062914560_helper999_seed05420380931505438087.tsv.gz	complete	0
80	1	38	1	3	8192	64	self	15728640	64	sequential	1	-1	1	16727796575364645732	ookay_inclusionpolicy_trial001_exec0038_series01_plot0003_target0000008192_self_pressure000015728640_helper999_seed16727796575364645732.tsv.gz	complete	0
81	1	39	5	24	65536	64	self	15728640	64	sequential	1	-1	1	13783832949867650105	ookay_inclusionpolicy_trial001_exec0039_series05_plot0024_target0000065536_self_pressure000015728640_helper999_seed13783832949867650105.tsv.gz	complete	0
82	1	40	3	16	8192	64	helper	31457280	64	sequential	1	6	1	7264380009376754812	ookay_inclusionpolicy_trial001_exec0040_series03_plot0016_target0000008192_helper_pressure000031457280_helper006_seed07264380009376754812.tsv.gz	complete	0
83	1	41	1	2	8192	64	self	524288	64	sequential	1	-1	1	14180685577000102500	ookay_inclusionpolicy_trial001_exec0041_series01_plot0002_target0000008192_self_pressure000000524288_helper999_seed14180685577000102500.tsv.gz	complete	0
